question_code,sentence,polarity_annotation,emotion_annotation,narrative_form,periodical_name
G01Q02,"Continuamente la oygo decir à sus solas, y mascando, que no quiere hablar, ni decir cosa alguna; pero que teniendo la cabeza sobre la almohada, bien sabe.",neutral,no_agreement,LB, 1761-07-08_El-Duende-especulativo-sobre-la-vida-civil_Juan-Antonio-Mercadal-(Francisco-Mariano-Nipho-o-Juan-Enrique-de-Graef)_Vol-1_Nr-07_093-241.txt
G01Q03,"Matò à un Joven por haver murmurado de la conducta de una Dama, la que èl mismo havia deshonrado con un proceder infame.",negative,no_agreement, EX , 1761-09-05_El-Duende-especulativo-sobre-la-vida-civil_Juan-Antonio-Mercadal-(Francisco-Mariano-Nipho-o-Juan-Enrique-de-Graef)_Vol-1_Nr-15_099-381.txt
G01Q05,"Su tierno corazon, su espiritu admirable, su modestia, su urbanidad, su bella presencia, su buena crianza, y la obligacion que tengo à sus rendimientos, desde el primer momento que me viò, merecen la atencion de qualquiera.",positive,no_agreement, FP ,  1761-09-26_El-Duende-especulativo-sobre-la-vida-civil_Juan-Antonio-Mercadal-(Francisco-Mariano-Nipho-o-Juan-Enrique-de-Graef)_Vol-1_Nr-18_099-384.txt
G01Q06,"Otra Señorita, hermosa por extremo, garbosa de talle, de un oìdo admirable, y de una voz aplaudida, tiene à pesar de tantas prendas, el defecto, que, quando sale à baylar, sus rancadas, y sacudimientos destemplados, dàn à conocer, que quiere agradar con afectacion ridicula;",negative,no_agreement, ??, 1761-07-27_El-Duende-especulativo-sobre-la-vida-civil_Juan-Antonio-Mercadal-(Francisco-Mariano-Nipho-o-Juan-Enrique-de-Graef)_Vol-1_Nr-10_093-244.txt
G01Q50,Tiene algunos intervalos de juicio; pero luego le buelve el frenesì con mayor fuerza.,negative,no_agreement,LB, 1762-1763_El-Pensador_Joseph-Álvarez-y-Valladares-(José-Clavijo-y-Faxardo)_Vol-1_Nr-06_096-314.txt
G01Q51,El Mayorázgo disipa sus rentas sin conocimiento del trabajo que costó adquirirlas á sus antepasados,negative,no_agreement,FP, 1786_El-Juzgado-Casero_Anónimo_Vol-1_Nr-01_470.txt
G01Q07,"Mi muger aborrece hasta el nombre de Cortejo, y su sencillèz no le permite entender cómo puede haver Dama, que tenga intimidad, llaneza, ni confianzas con quien no es su marido.",negative,disgust,SP,1762-1763_El-Pensador_Joseph-Álvarez-y-Valladares-(José-Clavijo-y-Faxardo)_Vol-1_Nr-06_096-314.txt
G01Q53,"Pues ha de saber Vmd. que, como si fuera un disparate quanto sale de mi boca, lo mismo es articular una palabra, que celebrarla todos con unos elogios y unas admiraciones, que yo conozco que son una verdadera burla; porque, reflexionando en lo que acabo de decir, veo bien que qualquiera diria otro tanto.",negative,no_agreement,SP, 1787_El-Censor_Anonym-(García-de-Cañuelo-Luis+-Pereira-Luis-Marcelino)_Vol-8_Nr-150_105-621.txt
G01Q9,"El amor, que todos tenemos à la libertad, impedirà quizà que mis advertencias hagan impression en vuestro espiritu.",neutral,no_agreement,LB, 1762-1763_El-Pensador_Joseph-Álvarez-y-Valladares-(José-Clavijo-y-Faxardo)_Vol-3_Nr-029_107-684.txt
G01Q10,"La lectura à que yo intento conduciros, solo podrà mejorar vuestro talento, y éste tambien lograrà enmendarse por medio de la prudencia, y discrecion en todo.",positive,trust,FP, 1762-1763_El-Pensador_Joseph-Álvarez-y-Valladares-(José-Clavijo-y-Faxardo)_Vol-3_Nr-029_107-684.txt
G01Q55,"No nos desviamos de la verdad si comparamos á nuestros Médicos con los antiguos Bretones, en tiempo de Cesar; unos mataban á pie, otros estando en carro.",negative,no_agreement,EX, 1788_El-Filósofo-á-la-Moda_Anónimo_Vol-1_Nr-005_099-389.txt
G01Q11,"Huid, Señora, de éstas, y preferid à su comunicacion la de las mas viles, y comunes mugeres; porque éstas no son, sino Demonios con faldas.",negative,fear,FP,1762-1763_El-Pensador_Joseph-Álvarez-y-Valladares-(José-Clavijo-y-Faxardo)_Vol-3_Nr-030_107-685.txt
G01Q14,"Una muger hermosa, y entendida nos convence casi sin que lo conozcamos.",positive,no_agreement,SP, 1762-1763_El-Pensador_Joseph-Álvarez-y-Valladares-(José-Clavijo-y-Faxardo)_Vol-3_Nr-031_107-686
G01Q57,"Pero pocas Damas tengo báxo mi direccion, que desde que entraron en mi academia, no sepan dar un golpe de Abanico, sin que se oiga de una extremidad de la sala á otra; ántes bien descargan unos golpes tan fuertes, que el ruido iguala al de un pistolete.",positive,no_agreement,S, 1788_El-Filósofo-á-la-Moda_Anónimo_Vol-1_Nr-011_111-792.txt
G01Q15,Esta parte es la mas dificultosa de todo el exercicio.,neutral,no_agreement,S, 1762-1763_El-Pensador_Joseph-Álvarez-y-Valladares-(José-Clavijo-y-Faxardo)_Vol-4_Nr-048_107-699.txt
G01Q59,"A una persona de esta cláse, se le oirá decir frequentemente: yo soy la persona mas perezosa del mundo.",negative,no_agreement,FP, 1788_El-Filósofo-á-la-Moda_Anónimo_Vol-1_Nr-017_111-798.txt
G01Q60,"Una muger de esta cláse, es sucia en su casa, golosa en su mesa, desaliñada en sus vestidos y persona, y la habitacion que ella ocupa, se asemeja á una caballeriza.",negative,disgust,S, 1788_El-Filósofo-á-la-Moda_Anónimo_Vol-1_Nr-018_111-799.txt
G01Q61,"El de la izquierda encerraba imprecaciones, juramentos, ansias y congojas",negative,no_agreement,TR, 1788_El-Filósofo-á-la-Moda_Anónimo_Vol-2_Nr-001_111-800.txt
G01Q62,"Quanto mas lo miraba tanto mas me parecia haberle visto en cierto pais, sin poderme acordar ni del tiempo, ni del parage.",neutral,surprise,TR, 1788_El-Filósofo-á-la-Moda_Anónimo_Vol-2_Nr-002_111-801.txt
G01Q18,"Finalmente, era lo mas recóndito de él, y con el auxîlio de nuestros microscopios descubrimos un hombre pequeñito vestido de color de panza de sapo muy a lo petimetre.",negative,no_agreement,FP, 1763_La-Pensadora-Gaditana_Beatriz-Cienfuegos_Vol-1_Nr-07_08C-57.txt
G01Q63,"Poco habia yo andado por esta morada, quando vi á lo léjos que remataba en un templo de arquitectura antigua, pero muy regular, y de gran magnificencia.",neutral,no_agreement,TR, 1788_El-Filósofo-á-la-Moda_Anónimo_Vol-2_Nr-003_111-802.txt
G01Q64,"Pero una vez que veo con tanto gusto de mi corazon los religiosos sentimientos del suyo, desde luego le doy y recibo la enhorabuena",positive,joy,LB, 1800_El-Catón-Compostelano_Anónimo-(Francisco-del-Valle-Inclán)_Vol-1_Nr-19_2072.txt
G01Q65,¡O miserables traductores!,negative,anger,LB, 1803_El-Regañón-general_Anónimo-(Ventura-Ferrer)_Vol-1_Nr-07_2353.txt
G01Q19,"Y finalmente, que le traba como à hombre, para que llegase à serlo.",positive,trust,FP, 67_El-Pensador_Joseph-Álvarez-y-Valladares-(José-Clavijo-y-Faxardo)_Vol-5_Nr-064_109-741.txt
G01Q66,"Mi primer intento, dice, fué purgar aquel despreciable embrion de sus muchos errores, para poderlo leer en una tertulia de amigos;",negative,disgust,S+LB, 1803_El-Regañón-general_Anónimo-(Ventura-Ferrer)_Vol-1_Nr-08_2354.txt
G01Q67,"Señor Regañon: Como buen amante de la patria no puedo ménos de confesar á vmds. que habiendo leido los Números 1 y 2 de su periódico acerca de las costumbres públicas, me llené de alegría al ver los juiciosos y acertados pensamientos que en él se vertian, y me propuse desde luego escribir á vmd. dándole las gracias por su comunicacion, y por el buen zelo que muestra en un negocio que tanto interesa á la felicidad de la nacion.",positive,joy,MT, 1803_El-Regañón-general_Anónimo-(Ventura-Ferrer)_Vol-1_Nr-13_2359.txt
G01Q68,"Tambien suelo yo sonar en mi tinaja, porque, aunque no muy ancho, por fin duermo: esto me sucedió la otra noche, que habiéndome entretenido de dia en leer un discurso del célebre Adisson, tuve por el mismo estilo un sueño, que no puedo dexar de manifestar á su Tribunal de vmd",positive,no_agreement,MT, 1803_El-Regañón-general_Anónimo-(Ventura-Ferrer)_Vol-1_Nr-16_2473.txt
G01Q69,"Todavía por nuestra desgracia no se han acabado de desarraygar entre la gente crédula los temores que conservan á los duendes, difuntos y fantasmas.",negative,no_agreement,MT, 1803_El-Regañón-general_Anónimo-(Ventura-Ferrer)_Vol-1_Nr-20_2623.txt
G01Q71,El siguiente nos darà una breve idèa del amor.,neutral,no_agreement,MT, 1803_El-Regañón-general_Anónimo-(Ventura-Ferrer)_Vol-1_Nr-33_2907.txt
G01Q22,"ò lo que es mas cierto, es algun chusco de primera clase, y pretende con esta estratagema ver si corresponden las obras á las palabras: en fin sea lo que fuere, yo debo cumplir lo prometido, sin entremeterme á investigár el motivo de su demanda.",neutral,no_agreement,?,?
G01Q23,Otra semana sabrèmos los demás articulos de esta Pragmatica.,neutral,anticipation,MT,1779-1780_El-Curioso-Entretenido_Juan-Nosip-y-Vargas_Vol-1_Nr-08_114-857.txt
G01Q24,"ò lo que es mas cierto, es algun chusco de primera clase, y pretende con esta estratagema ver si corresponden las obras á las palabras: en fin sea lo que fuere, yo debo cumplir lo prometido, sin entremeterme á investigár el motivo de su demanda",neutral,no_agreement,MT,1779_El-Curioso-Entretenido_Juan-Nosip-y-Vargas_Vol-1_Nr-04_2729.txt
G01Q25,El cuento es breve; no sé si será compendioso.,neutral,no_agreement,MT,1780_El-Curioso-Entretenido_Juan-Nosip-y-Vargas_Vol-1_Nr-07_114-856.txt
G01Q26,"Lo mismo dice el Entretenido, y pasa adelante.",neutral,no emotion,MT,1780_El-Curioso-Entretenido_Juan-Nosip-y-Vargas_Vol-1_Nr-07_114-856.txt
G01Q72,"Pero baylar como acabamos de vèr, y en Madrid, y esto, como Vmd. dice, para agradar à gentes de depravado gusto; què es, sino degradar la sublimidad de los talentos, y envilecer la capacidad de los hombres.",negative,no_agreement,D , 1761-09-26_El-Duende-especulativo-sobre-la-vida-civil_Juan-Antonio-Mercadal-(Francisco-Mariano-Nipho-o-Juan-Enrique-de-Graef)_Vol-1_Nr-18_099-384.txt
G00Q54,"En una palabra, Señores: lo que antes sería ociosidad viciosa, ò inutilidad de vida hoy yá casi es una virtud.",negative,no_agreement,D,"1781_El-Censor_Anonym-(García-de-Cañuelo,-Luis+-Pereira,-Luis-Marcelino)_Vol-2_Nr-044_103-415.txt"
G00Q55,"Reynaba en todos el contento, y el ayre resonaba con los alegres cantares de que acompañaban su trabajo.",positive,joy,AL,"1783_El-Censor_Anonym-(García-de-Cañuelo,-Luis+-Pereira,-Luis-Marcelino)_Vol-3_Nr-050_103-451.txt"
G00Q56,"Que enemigo de toda nueva resolucion sea el Patrono declarado de la holgazanería, el error, y la ignorancia,",negative,disgust,S,"'784_El-Censor_Anonym-(García-de-Cañuelo,-Luis+-Pereira,-Luis-Marcelino)_Vol-3_Nr-060_103-460.txt"
G00Q57,Le confieso á vmd. que me tuvo largo tiempo en una zozobra no facil de explicarse.,negative,no_agreement,EX,1786-1788_El-Corresponsal-del-Censor_Anónimo-(Manuel-Rubín-de-Celis-y-Noriega)_Vol-2_Nr-_091-115.txt
G00Q59,"En esa calle que atraviesa, número 6. quarto principal, vive cierto sugeto que tiene una hija única, de edad de treinta y siete años, muy linda de cara, muy rica, muy hacendosa, muy humilde, muy buena christiana, muy juiciosa, y por decirlo en pocas palabras muy completa y acabada.",positive,no_agreement,D,1786-1788_El-Corresponsal-del-Censor_Anónimo_Vol-1_Nr-02_091-94.txt
G00Q60,"No crea Vmd. amigo mio, que lo que habló ese sugeto en el Café sea original, ni tomado de Libros Extrangeros: los ignorantes como Vmd. (perdoneme que le hable con esta claridad) y otros que andan por esas calles de todos estados, clases y condiciones, blasfeman de quanto ignoran: Católico y muy Católico, Español y muy Español, dixo eso y mucho mas un siglo y medio hace.",negative,no_agreement,D,1786-1788_El-Corresponsal-del-Censor_Anónimo_Vol-1_Nr-04_091-96.txt
G00Q61,"Tal es la elegante composicion poética que incluyo á Vmd., y que publicada, serviría de muestra de un Latin clarísimo, que ya va escaseando, y ofrecería al mismo tiempo una provechosa leccion á los que abandonando los estudios que dan honradamente de comer, se entregan á la estéril ocupacion de las Ciencias exâctas, de las Humanidades, y otras fútiles taréas recomendadas por los Modernos.",positive,no_agreement,LB,1786-1788_El-Corresponsal-del-Censor_Anónimo_Vol-1_Nr-05_105-639.txt
G00Q62,"Mis cabellos son mas obscuros que el corazon de un ignorante, y tan largos, que pueden ser envidiados de las mismisimas trenzas de las Ninfas del Parnaso; mi cuerpo es tan alto como pueden ser los pensamientos de Vmd. con el aditamento de un tallecito mas estrecho que la mano de un avaro.",positive,no_agreement,SP,1786-1788_El-Corresponsal-del-Censor_Anónimo_Vol-1_Nr-06_091-98.txt
G00Q64,"Es una vergüenza, un escándalo",negative,anger,FP,1786-1788_El-Corresponsal-del-Censor_Anónimo_Vol-1_Nr-08_105-612.txt
G00Q65,¿Hé de verme yo obligada hasta la muerte (que continuamente estaré deseando por considerarla término de mis infelicidades) á hacerme criada del que aborrezco?,negative,no_agreement,D,1786-1788_El-Corresponsal-del-Censor_Anónimo_Vol-1_Nr-09_091-101.txt
G00Q66,"¡Cómo podré sufrir las finezas de la obligacion de mi consorte, quando le aborrezco!",negative,no_agreement,D,1786-1788_El-Corresponsal-del-Censor_Anónimo_Vol-1_Nr-09_091-101.txt
G00Q67,"Donde el frio es excesivo y no permite á los Americanos andar desnudos, es notorio que visten de pieles para defenderse de su rigor: y nosotros pudiendo usar de otros arbitrios de que carecen aquellos Salvages, compramos dichas pieles á excesivos precisos, siendo en nuestra opinion el mas magnífico y noble adorno con que nos podemos presentar en las mas brillantes y numerosas concurrencias.",negative,no_agreement,FP,1786-1788_El-Corresponsal-del-Censor_Anónimo_Vol-1_Nr-11_105-613.txt
G00Q68,"Nada tengo de zeloso, y antes me fastidian notablemente los maridos que andan siempre aforrados en sus mugeres.",neutral,no_agreement,SP,1786-1788_El-Corresponsal-del-Censor_Anónimo_Vol-1_Nr-12_091-105.txt
G00Q69,"Semejantes al perro de la fabula, que suelta el bocado que tiene entre los colmillos por el que juzga ver en el agua; dexan los verdaderos placeres que la naturaleza les está franqueando al rededor suyo, por otros que les finge su imaginacion à larga distancia.",negative,no_agreement,SP,1786-1788_El-Corresponsal-del-Censor_Anónimo_Vol-1_Nr-12_091-105.txt
G00Q70,"El leon sabiamente ocupado en dar curso á objetos importantes de su real instituto, Llamó á los Abogados, y Jueces de este asunto, y con voz muy severa como Rey les habló de esta manera.",neutral,no_agreement,S,1786-1788_El-Corresponsal-del-Censor_Anónimo_Vol-3_Nr-26_091-119.txt
G00Q71,"Pruebolo asi (continué yo) sin embargo de no ser hombre de carrera, pero sí un bonus vir con su alma tal y tan racional como la del Autor del papelito intitulado los Censores del Censor, y la añadidura de ser mis estudios, igualmente tal y tan buenos como pueden ser los del susodicho venerable; y no espere Vmd largos silogismos, brevemente expondré mi sentir; pruebolo asi, repito.",neutral,no_agreement,D,1786-1788_El-Corresponsal-del-Censor_Anónimo_Vol-3_Nr-27_091-120.txt
G00Q71,"Pruebolo asi (continué yo) sin embargo de no ser hombre de carrera, pero sí un bonus vir con su alma tal y tan racional como la del Autor del papelito intitulado los Censores del Censor, y la añadidura de ser mis estudios, igualmente tal y tan buenos como pueden ser los del susodicho venerable; y no espere Vmd largos silogismos, brevemente expondré mi sentir; pruebolo asi, repito.",neutral,no_agreement,FP,1786-1788_El-Corresponsal-del-Censor_Anónimo_Vol-3_Nr-34_091-127.txt
G00Q72,"No puedo sufrir ver hacer actos de virtud y devocion á los logreros, usureros, comerciantes de mala fé, avaros, codiciosos, y á los de una economia sórdida",negative,disgust,P,1786-1788_El-Corresponsal-del-Censor_Anónimo_Vol-4_Nr-39_091-132.txt
G00Q75,¡Qué bien sabrá discernir el caracter de los hombres!,positive,no_agreement,EX,1786-1788_El-Corresponsal-del-Censor_Anónimo_Vol-4_Nr-47_091-140.txt
G00Q76,"Tambien es de admirar el entusiasmo con que sus mercedes nos pregonan, y aun nos muelen la cabeza con sus globos, con sus gases y aereas caminatas, ni mas ni ménos que si ellos lo hubieran proyectado y discurrido.",neutral,no_agreement,S,1786_El-Apologista-Universal_Anónimo_Vol-1_Nr-02_114-859.txt
G00Q78,"Pero vea Vm. que diablo de hombre: antojosele ponerla unas notas ó glosas de su cosecha, que todo lo hechan  á perder, de suerte que ya no vale tres pepinos, ni se puede leer sin asco: he aqui la grande habilidad del Censor.",negative,no_agreement,S,1786_El-Apologista-Universal_Anónimo_Vol-1_Nr-05_114-862.txt
G00Q80,No puedo menos de irritarme al oir semejantes despropositos y locuras.,negative,anger,S,1786_El-Apologista-Universal_Anónimo_Vol-1_Nr-07_114-864.txt
G00Q83,"Deliberé poner en práctica mi intento á toda costa, y que á pocos dias de casado comencé á ver la imagen funesta de mis infortunios, y á sufrir todas las penalidades que me anunció.",negative,no_agreement,TR,1803_El-Regañón-general_Anónimo-(Ventura-Ferrer)_Vol-1_Nr-56_5401.txt
G00Q84,"Que yo pobre de mí me veía lánguido y estenuado, postrado en una cama, abandonado hasta del mas ínfimo sirviente.",negative,sadness,TR,1803_El-Regañón-general_Anónimo-(Ventura-Ferrer)_Vol-1_Nr-56_5401.txt
G00Q85,"De esto nace que el señor Don Bartolo se constituya paseante de Villa, y que esta única y exclusiva ocupacion le impida el sujetarse al trabajo para mantener con su sudor su infeliz é inútil exîstencia",negative,no_agreement,LB,1804_El-Regañón-general_Anónimo-(Ventura-Ferrer)_Vol-2_Nr-09_7593.txt
G00Q86,"Los desgraciados no ven en su padre un protector y zelador de sus felicidades, y sí un monstruo que solo les ha dado el ser para que sean testigos de sus delitos, y esclavos de sus desordenados é injustos caprichos; estas son pues las conseqüencias del juego inmoderado.",negative,no_agreement,LB,1804_El-Regañón-general_Anónimo-(Ventura-Ferrer)_Vol-2_Nr-10_7594.txt
G00Q89,"Para hacer que se aborrezca lo malo y se ame lo bueno, agregaré siempre el placer á esto último, y el odio á lo primero.",neutral,no_agreement,LB,1804_El-Regañón-general_Anónimo-(Ventura-Ferrer)_Vol-2_Nr-14_7598.txt
G00Q90,"No conocen el dulce placer que resulta de haber socorrido al indigente, y de tomar parte en sus necesidades, y no han gustado aquel consuelo, que tal vez arranca lagrimas á un corazon tierno y sensible al ver el reconocimiento de una familia que ha probado los efectos de su beneficencia",positive,no_agreement,LB,1804_El-Regañón-general_Anónimo-(Ventura-Ferrer)_Vol-2_Nr-32_7881.txt
G00Q91,"El padre no podia fiarse de su hijo, la mujer engañaba al marido, el criado era infiel á su amo, la sana amistad, la tierna fraternidad no eran mas que máscaras que ocultaban los mas perversos designios: toda virtud estaba desterrada, reynando en su lugar la hipocresía.",negative,no_agreement,D,1804_El-Regañón-general_Anónimo-(Ventura-Ferrer)_Vol-2_Nr-33_7882.txt
G00Q92,"Si se tropieza con alguno de estos ignorantones de por vida, cuya vanidad y obstinacion son todavia mayores que su necedad, se echa mano del ridículo, de esta feliz arma que ha libertado á la nacion de muchos malos autores, y con esta diversidad de estilos se instruye al público, y se observa aquello de...",neutral,no_agreement,LB,1804_El-Regañón-general_Anónimo-(Ventura-Ferrer)_Vol-2_Nr-34_7883.txt
G00Q94,"En estos dudosos é incomprehensibles principios resolvió el Doctor Brown fundar su sistema, un dia en que, segun todas las apariencias, habia usado con exceso de su remedio favorito contra la gota, y estaba, como solemos decir, á mas de media carga.",negative,no_agreement,LB,1804_El-Regañón-general_Anónimo-(Ventura-Ferrer)_Vol-2_Nr-37_7886.txt
G00Q95,"Pero todos estos habladores estúpidos y orgullosos, fanáticos ó temerarios, parecia que unian sus gritos para hacer una sola súplica.",negative,no_agreement,F,1804_El-Regañón-general_Anónimo-(Ventura-Ferrer)_Vol-2_Nr-38_7887.txt
G00Q96,"Para decir que esta comedia no es buena no hay necesidad de ensangrentarse añadiendo que el discurso preliminar es un fárrago de ideas insulsas é inconexas expuestas en un estilo todavía mas insulso y despreciable, sin conocimientos, ni gusto, ni lógica siquiera",negative,no_agreement,EX,1804_El-Regañón-general_Anónimo-(Ventura-Ferrer)_Vol-2_Nr-47_7895.txt
G00Q97,"No puedo comprehender el origen de tu cobardía, me confundo quando miro tu flaqueza, y que tus contrarios, aunque débiles, han conseguido su fin: quando me creia que ganarias la batalla, te observo entregado á discrecion, rendido por fuerzas inferiores, y asaltada y destruida la fortaleza de tu ciencia",negative,no_agreement,LB,1804_El-Regañón-general_Anónimo-(Ventura-Ferrer)_Vol-2_Nr-48_7901.txt
G00Q98,"Ebrios voraces entregaos libremente á vuestros detestables vicios, que no dexareis de experimentar cargado extremamente vuestro obeso cuerpo, perdido enteramente vuestro juicio, y hecho el oprobio hasta de vuestros mayores amigos y parientes.",negative,no_agreement,LB+D,1804_El-Regañón-general_Anónimo-(Ventura-Ferrer)_Vol-2_Nr-49_7902.txt
G00Q101,"Honrado sin afectacion, sincero en realidad, complaciente sin baxeza, servicial sin interes, humano y benéfico, es el santuario de la virtud.",positive,no_agreement,FP,1804_El-Regañón-general_Anónimo-(Ventura-Ferrer)_Vol-2_Nr-54_7938.txt
G00Q103,"Mientras esto, no se remedie de algun modo, no hay que contar con algun adelantamiento ni mejora.",negative,no_agreement,LB,1804_El-Regañón-general_Anónimo-(Ventura-Ferrer)_Vol-2_Nr-55_7939.txt
G00Q104,"Es cierto que el amor propio conociendo esta verdad suministra á los vengativos razones especiosas para cohonestar sus feas acciones, pero estas mismas demuestran su debilidad y falta de talento.",negative,no_agreement,LB,1804_El-Regañón-general_Anónimo-(Ventura-Ferrer)_Vol-2_Nr-59_7943.txt
G00Q106,"Y por último, manifestó su piedad y religión quitando del suplicio a tres reos que iban a ser ajusticiados (juzgo) que en un día privilegiado.",positive,no_agreement,FP,1812_El-Pensador-Mexicano_José-Joaquín-Fernández-de-Lizardi_Vol-1_Nr-008_8080.txt
G00Q107,"Porque tú no dudes que la mujer muy hermosa (por lo común) es el peor enemigo del hombre: si es honrada, tiene que defenderse y defenderla de los seductores; si no lo es, tiene que guardarse de ella y de ellos.",negative,no_agreement,FP,1812_El-Pensador-Mexicano_José-Joaquín-Fernández-de-Lizardi_Vol-1_Nr-011_8083.txt
G00Q109,"Gente víl, por fin i postre, si no refieralo el hècho.",negative,no_agreement,F,1735-1736_El-Duende-Crítico_Frai-Manuel-de-San-Josef_Vol-1_Nr-010_112-841.txt
G00Q110,"Los presumidos que llevan comunmente la voz en las Tertulias, y Estrados, se valen de esta propia manìa de la Moda, para encubrir, y cohonestar su insolente ignorancia.",negative,no_agreement,D,1761-06-09_El-Duende-especulativo-sobre-la-vida-civil_Juan-Antonio-Mercadal-(Francisco-Mariano-Nipho-o-Juan-Enrique-de-Graef)_Vol-1_Nr-01_093-235.txt
G00Q114,"Què de gentes de todas classes, y estados se confunden allì, sin respeto, ni consideracion para nadie!",negative,no_agreement,LB,11761-06-23_El-Duende-especulativo-sobre-la-vida-civil_Juan-Antonio-Mercadal-(Francisco-Mariano-Nipho-o-Juan-Enrique-de-Graef)_Vol-1_Nr-04_093-238.txt
G00Q117,"No hay peor compañia, que la de ancianos encaprichados del privilegio de sus años, que reducidos al silencio, dicen, que las materias no son para los de edad regular.",negative,disgust,FP,1761-08-01_El-Duende-especulativo-sobre-la-vida-civil_Juan-Antonio-Mercadal-(Francisco-Mariano-Nipho-o-Juan-Enrique-de-Graef)_Vol-1_Nr-11_093-245.txt
G00Q121,"Los que llamamos Poderosos, viven en una esplendida, y orgullosa miseria, siempre necessitados;",negative,disgust,FP,1761-09-12_El-Duende-especulativo-sobre-la-vida-civil_Juan-Antonio-Mercadal-(Francisco-Mariano-Nipho-o-Juan-Enrique-de-Graef)_Vol-1_Nr-16_099-382.txt
G00Q123,"Sin embargo de las restricciones de tu honestidad, todo te viene como pintado, y es en tì primor aun el descuido.",positive,no_agreement,D,1761_El-Murmurador-imparcial_Francisco-Mariano-Nifo-y-Cagigal_Vol-1_Nr-2_093-234.txt
G00Q124,"Considereme Vm. pues, raro, delicado, sin contemplacion, pagado de mi dictamen, engreído con un cierto merito, que me he figurado, y finalmente, haciendo tanta vanidad de mi Philosophia, como pudiera un Principe de sus titulos, y de sus Estados;",negative,no_agreement,SP,1762-1763_El-Pensador_Joseph-Álvarez-y-Valladares-(José-Clavijo-y-Faxardo)_Vol-1_Nr-01_096-309.txt
G00Q125,"Pero aquella Dama, y este Caballero (dice Vm.) son de edad abanzada, para que hayan podido incurrir en semejante ridiculèz!",negative,no_agreement,SP,1762-1763_El-Pensador_Joseph-Álvarez-y-Valladares-(José-Clavijo-y-Faxardo)_Vol-1_Nr-01_096-309.txt
G00Q126,Está capáz de entristecer à la compañia mas alegre.,negative,sadness,LB+FP,1762-1763_El-Pensador_Joseph-Álvarez-y-Valladares-(José-Clavijo-y-Faxardo)_Vol-1_Nr-04_096-312.txt
G00Q126,Está capáz de entristecer à la compañia mas alegre.,negative,sadness,FP,1762-1763_El-Pensador_Joseph-Álvarez-y-Valladares-(José-Clavijo-y-Faxardo)_Vol-1_Nr-05_096-313.txt
G00Q128,"Es solo: incapáz de tener amigos: sin conocer parientes, y casi la mitad de su cuerpo en el sepulcro; y atesora con fatiga para los que han de llenar su memoria de oprobrios.",negative,no_agreement,FP,1762-1763_El-Pensador_Joseph-Álvarez-y-Valladares-(José-Clavijo-y-Faxardo)_Vol-1_Nr-07_096-315.txt
G00Q130,"Yá véo, que esto no es tan facil, como parece, y que esta operacion pide un genio consumado en el Arte, un gusto, una delicadeza, un tacto fino, un discernimiento justo, y un estudio particular del corazon humano, y de las costumbres, y por desgracia ninguna de estas calidades possee el traductor, quando ha cometido error tan grossero.",negative,no_agreement,D,1762-1763_El-Pensador_Joseph-Álvarez-y-Valladares-(José-Clavijo-y-Faxardo)_Vol-1_Nr-09_096-317.txt
G00Q131,Es un Fenix entre los hombres.,positive,no_agreement,FP,1762-1763_El-Pensador_Joseph-Álvarez-y-Valladares-(José-Clavijo-y-Faxardo)_Vol-1_Nr-10_096-318.txt
G00Q133,"Pero todo esto es inutil, y èl ha hallado el modo de obscurecer las prendas, de que està adornado, entregandose à tantos vicios, y haciendo una vida tan licenciosa, que es el escandalo de la Corte.",negative,disgust,D,1762-1763_El-Pensador_Joseph-Álvarez-y-Valladares-(José-Clavijo-y-Faxardo)_Vol-2_Nr-014_105-643.txt
G00Q134,"Conociò su yerro, y procurò enmendarlo escribiendo segunda Carta, que empezò por Mi Señor; pero fuè inutil la enmienda.",negative,no_agreement,EX,1762-1763_El-Pensador_Joseph-Álvarez-y-Valladares-(José-Clavijo-y-Faxardo)_Vol-2_Nr-015_105-644.txt
G00Q136,"Miralos sin humanidad, y como esclavos, y ellos à su vez la sirven sin respeto, sublevados contra su tyranìa.",negative,no_agreement,FP,1762-1763_El-Pensador_Joseph-Álvarez-y-Valladares-(José-Clavijo-y-Faxardo)_Vol-2_Nr-020_105-649.txt
G00Q138,No es tan facil determinar por dónde se ha de dár principio à la accion Dramatica.,neutral,no_agreement,LB,1762-1763_El-Pensador_Joseph-Álvarez-y-Valladares-(José-Clavijo-y-Faxardo)_Vol-2_Nr-027_107-681.txt
G00Q139,"Tù debes acordarte de la ternura, con que se portan las madres de mi País: del cuidado, con que nos crian, y de las atenciones, que les merecemos.",positive,no_agreement,LB,1762-1763_El-Pensador_Joseph-Álvarez-y-Valladares-(José-Clavijo-y-Faxardo)_Vol-3_Nr-032_107-687.txt
G00Q140,"Alli estarà mas tranquilo, y podrà vivir à su gusto, y de contado no nos incomodarèmos uno á otro.",positive,no_agreement,D,1762-1763_El-Pensador_Joseph-Álvarez-y-Valladares-(José-Clavijo-y-Faxardo)_Vol-3_Nr-033_107-688.txt
G00Q141,"Confiesso à Vm. que yá no puedo sufrir la vida, que traygo con este afligido genio mio.",negative,sadness,SP,1762-1763_El-Pensador_Joseph-Álvarez-y-Valladares-(José-Clavijo-y-Faxardo)_Vol-3_Nr-034_107-689.txt
G00Q142,"Algunas veces me contento con arquear las cejas, y encoger los hombros.",neutral,no emotion,SP,1762-1763_El-Pensador_Joseph-Álvarez-y-Valladares-(José-Clavijo-y-Faxardo)_Vol-3_Nr-034_107-689.txt
G00Q143,"Muriò en mis brazos, y en el desorden, en que me hallaba, me pareciò, que su pecho aùn respiraba.",negative,sadness,LB,1762-1763_El-Pensador_Joseph-Álvarez-y-Valladares-(José-Clavijo-y-Faxardo)_Vol-3_Nr-035_107-690.txt
G00Q146,"Quisiera Vm. que yo dijera, que esto propriamente se llama echar tierra à los ojos, y alucinar à ignorantes; y que si esto no es falta de caridad, calumnia, è impostura, digna del mas severo castigo, no hay otro nombre que darle; y que fuera mucho mejor, que el señor mio, se curára esta lepra, y no amenazára al Pensador con la de Ozìas, que el que le aconseje, que oyga con docilidad los Sermones.",negative,no_agreement,LB,1762-1763_El-Pensador_Joseph-Álvarez-y-Valladares-(José-Clavijo-y-Faxardo)_Vol-3_Nr-039_106-669.txt
G00Q146,"Quisiera Vm. que yo dijera, que esto propriamente se llama echar tierra à los ojos, y alucinar à ignorantes; y que si esto no es falta de caridad, calumnia, è impostura, digna del mas severo castigo, no hay otro nombre que darle; y que fuera mucho mejor, que el señor mio, se curára esta lepra, y no amenazára al Pensador con la de Ozìas, que el que le aconseje, que oyga con docilidad los Sermones.",negative,no_agreement,LB,1762-1763_El-Pensador_Joseph-Álvarez-y-Valladares-(José-Clavijo-y-Faxardo)_Vol-3_Nr-039_106-669.txt
G00Q147,¿no hay Dios que castigue?,negative,no_agreement,LB,1762-1763_El-Pensador_Joseph-Álvarez-y-Valladares-(José-Clavijo-y-Faxardo)_Vol-3_Nr-039_106-669.txt
G00Q149,"Ahora bien, yo no pretendo llevar las cosas al extremo.",neutral,no_agreement,LB,1762-1763_El-Pensador_Joseph-Álvarez-y-Valladares-(José-Clavijo-y-Faxardo)_Vol-4_Nr-046_107-697.txt
G00Q150,"Que vivan contentos, y felices todos los hombres en la tierra, es empressa, à que no se ha atrevido, ni Jupiter, ni yo.",positive,no_agreement,D,1762-1763_El-Pensador_Joseph-Álvarez-y-Valladares-(José-Clavijo-y-Faxardo)_Vol-4_Nr-047_107-698.txt
G00Q151,"Si hablo mucho, si con todos me rio, si me burlo de éste, si al descuido le doy un capirote à aquel, soy malo, soy perverso, soy demasiado astuto.",negative,no_agreement,D,1762-1763_El-Pensador_Joseph-Álvarez-y-Valladares-(José-Clavijo-y-Faxardo)_Vol-4_Nr-049_107-700.txt
G00Q153,"Añada Vm. à esto, que tenia una porcion de defectos capitales, por los quales debia ser excluìdo de la Cofradìa; pues ni cantaba, ni tocaba instrumento alguno, ni sabìa mentir, ni engañar, ni murmurar, ni dissimular.",negative,no_agreement,SP,1762-1763_El-Pensador_Joseph-Álvarez-y-Valladares-(José-Clavijo-y-Faxard
G00Q154,"Yo sè que su caracter es de amar, y desear lo justo; y desde luego, para que Vms. queden mas satisfechas, le escribirè, à fin de que ataque los vicios en su raíz, y piense sobre la educacion de los hombres, como que de ella se origina toda la corrupcion de la sociedad.",neutral,no_agreement,FP,1763-1763_El-Pensador_Joseph-Álvarez-y-Valladares-(José-Clavijo-y-Faxardo)_Vol-2_Nr-018_105-647.txt
G00Q155,"Amigo mio, es defecto de historia pensar de este modo: desde los Griegos hay memoria de pendientes, de rizos, de calzados, de adornos, de faustos, de viandas regaladas.",neutral,no_agreement,LB,1763_El-Amigo-y-Corresponsal-del-Pensador_Antonio-Mauricio-Garrido_Vol-1_Nr-3_108-708.txt
G00Q161,"Grande es este golpe, no lo niego; pero mayor es el de aquellos, que por descuido, ò ignorancia dieron causa suficiente á este daño.",negative,no_agreement,EX,1763_La-Pensadora-Gaditana_Beatriz-Cienfuegos_Vol-1_Nr-05_099-395.txt
G00Q162,"Tan flaca, y consumida, que parecía retrato de la misma necesidad.",negative,no_agreement,TR,1763_La-Pensadora-Gaditana_Beatriz-Cienfuegos_Vol-1_Nr-06_08C-56.txt
G00Q163,"¿qué otro empleo la dán mas, que obligarla à celebrar unos hombres, que por viles, ò murieron entre las fatigas de un lazo, ò à las iras crueles de una venganza?",negative,no_agreement,TR,1763_La-Pensadora-Gaditana_Beatriz-Cienfuegos_Vol-1_Nr-08_08C-58.txt
G00Q164,"Ni tantos ancianos, que en la mas estrecha angustia de la escaséz, buscan el pan con el doble sudor de su rostro, sudan en adquirirle mendigando, y sudan con la vergüenza de haberle de procurar pidiendo.",negative,sadness,F,1763_La-Pensadora-Gaditana_Beatriz-Cienfuegos_Vol-1_Nr-10_091-146.txt
G00Q165,"Pero será dichoso, y feliz en su estado: no poseerá abundancias, ni se verá lisonjeado;",positive,no_agreement,EX,1763_La-Pensadora-Gaditana_Beatriz-Cienfuegos_Vol-1_Nr-11_091-147.txt
G00Q166,"No està en esto la gracia, sino es que apenas se vió correspondido, se ausentó de casa, y se fue con sus engaños à otra parte, quedandonos à la Luna de Valencia, sin uno, y sin otro, y la niña tan apesadumbrada, que por poco la pobrecita se muere: estuvo muy mala.",negative,no_agreement,LB,1763_La-Pensadora-Gaditana_Beatriz-Cienfuegos_Vol-1_Nr-13_091-149.txt
G00Q167,"Qué contento me hallaba, no obstante mi fatalidad, à el mirar, que si me faltaba la hacienda, la tenìa depositada en aquellos, que tanto se ofrecian, y tan promptos habian ocurrido à mi socorro!",positive,no_agreement,SP+EX,1763_La-Pensadora-Gaditana_Beatriz-Cienfuegos_Vol-2_Nr-15_092-198.txt
G00Q168,"porque yo, quando escribo una carta, à excepsion de la fecha, la firma, y el muy señor mio, todo lo demás me cuesta mas gotas de sudor, que si estubiera cabando;",negative,no_agreement,LB+SP+EX,1763_La-Pensadora-Gaditana_Beatriz-Cienfuegos_Vol-2_Nr-16_091-151.txt
G00Q171,"¡valgate Dios por nombre, que aún assi engendras sustos, parasismos, y aborrecimiento!",negative,disgust,EX,1763_La-Pensadora-Gaditana_Beatriz-Cienfuegos_Vol-2_Nr-26_091-158.txt
G00Q172,".¿Pues no há reparado Vm. mi alma (la réplica) à Madama Polonia, que llegò havrá quince dias de Parìs, què manera tan discreta de peynarse, y què bello gusto de Batas que trae?",positive,no_agreement,EX,1764_La-Pensadora-Gaditana_Beatriz-Cienfuegos_Vol-3_Nr-27_091-159.txt
G00Q173,"Todo esto llevará con paciencia, si su asèo, y prolixa compostura se ordenára â conplacerme; pero es muy â el contrario, porque su merced es Cortejo, y hace tanta vanidad de serlo, que quando està de humor me refiere las gracias de su querida, me pondera sus chistes, y alaba su hermosura: vea Vm. què refresco para quien se halla atabardillada de Zelos.",negative,no_agreement,EX+SP,1764_La-Pensadora-Gaditana_Beatriz-Cienfuegos_Vol-3_Nr-28_091-160.txt
G00Q174,"Lucio es un ingrato, es un Hombre, que entrega â el olvido los mayores favores, pues en el tiempo de su miseria le socorrì con generosidad, y ahora que yá de nadie necessita, no hace caso de quien tanto le sirviò",negative,disgust,EX+F,1764_La-Pensadora-Gaditana_Beatriz-Cienfuegos_Vol-3_Nr-29_091-161.txt
G00Q176,"Tenía muchissima confianza de mi, como que se hacía cargo de la prenda, que tenìa en Casa.",positive,trust,SP,11764_La-Pensadora-Gaditana_Beatriz-Cienfuegos_Vol-3_Nr-33_091-165.txt
G00Q177,"En pocas partes del Mundo se vè con mas frequencia este desorden, que en esta Ciudad.",negative,no_agreement,LB,1764_La-Pensadora-Gaditana_Beatriz-Cienfuegos_Vol-3_Nr-34_091-166.txt
G00Q179,"Estas fingidas esperanzas, y las importunas ponderaciones de todos los que me trataban, como conquistados de sus regalos, me llevaron voluntariamente â manos de mi mayor desgracia.",negative,sadness,FP,1764_La-Pensadora-Gaditana_Beatriz-Cienfuegos_Vol-3_Nr-37_091-191.txt
G00Q180,"Si esto intentàra, sería un disparate: lo que culpo, y condeno como indigno, no es aquel sentimiento discreto, que se forma de los males, regulandole siempre con lo justo, para que no exceda su linea, y passe â ser impaciencia, ô desesperacion: no es este, porque assi es precisso, y honesto;",neutral,no_agreement,LB,FP1764_La-Pensadora-Gaditana_Beatriz-Cienfuegos_Vol-3_Nr-39_091-170.txt
G00Q201,"Examinense las Historias de los Egypcios, y de los Hebreos, y se encontrará crecido numero de impostores, que abusando de la débil credulidad de los hombres, se jactaban de curar las enfermedades mas inveteradas, por medio de amuletos, talismanes, adivinaciones, y especificos.",negative,no_agreement,FP,1767_El-Pensador_Joseph-Álvarez-y-Valladares-(José-Clavijo-y-Faxardo)_Vol-6_Nr-86_10A-769.txt
G00Q183,"En fin Vm. no estrañe el modo de explicarme, porque realmente estoy loco, no sè lo que me digo: y lo peor es, que aunque lo conozco, no lo puedo remediár",negative,no_agreement,SP,1764_La-Pensadora-Gaditana_Beatriz-Cienfuegos_Vol-4_Nr-42_091-173.txt
G00Q184,"Señora Culta, su Carta es un farrago de los mas despreciables, y en su obscuro contexto se mira la satisfaccion de su duda.",negative,disgust,LB,1764_La-Pensadora-Gaditana_Beatriz-Cienfuegos_Vol-4_Nr-44_091-192.txt
G00Q185,"Yo por mi desgracia me hallo Casada con un Curioso tan fino, que por la menor novedad que se le presente, se estará dos dias sin venir â casa, hasta conseguir hallarse informado de sus menores circunstancias, para despues tener assumpto flamante en las Tertulias",negative,sadness,FP,1764_La-Pensadora-Gaditana_Beatriz-Cienfuegos_Vol-4_Nr-46_091-193.txt
G00Q203,"Llega á tanto nuestra estoildéz, que pasa los limites de lo racional, pues nos dexamos regir de la vanidad, monstruo tan poco escrupuloso, que vive contento en las lobreguezes, siendo solamente éco que resuena, afan de desperdicios, tarea de inutilidades, tela de Arachne, y finalmente, carencia de un todo.",negative,no_agreement,FP,1779_El-Curioso-Entretenido_Juan-Nosip-y-Vargas_Vol-1_Nr-01_114-850.txt
G00Q204,"¿Què mayor locura, que sin embargo de ser yo un hombre docil, de buena pasta, y sin malicia, aseverar, que soy un satyrico, perverso, y mal humorado?",negative,no_agreement,LB,1779_El-Curioso-Entretenido_Juan-Nosip-y-Vargas_Vol-1_Nr-02_114-851.txt
G00Q182,"Todas las Señoras estabamos muy contentas con èl, quien se hacia pagar muy bien por su especial havilidad, y bello gusto: encargandole nosotras, que por ningun motivo vistiesse de aquella manera â ninguna Muger humilde, porque le hariamos dàr de palos, y desterràr de la tierra.",positive,no_agreement,SP,1764_La-Pensadora-Gaditana_Beatriz-Cienfuegos_Vol-4_Nr-47_091-194.txt
G00Q205,"Se le presentaba siempre lleno el semblante de serenidad, y tan contenta como pudiera en medio de la abundancia y las riquezas.",positive,joy,FP,"1781_El-Censor_Anonym-(García-de-Cañuelo,-Luis+-Pereira,-Luis-Marcelino)_Vol-1_Nr-03_096-324.txt"
G00Q187,"Pero vease â uno de estos tenidos por infelices, que bien hallado con su suerte, vive apartado de la confussion de las Cortes, y Ciudad es , como todas sus riquezas son verdaderas, sus adornos sencillos, pero suficientes, sus diversiones durables, inocentes, y sossegadas, sin que le quede â el corazon el menor remordimiento de su práctica.",positive,no_agreement,LB+FP,1764_La-Pensadora-Gaditana_Beatriz-Cienfuegos_Vol-4_Nr-49_091-179.txt
G00Q206,"Y estos mismos amigos le miran con indiferencia, punto menos que en la miseria de que él los sacó, y de que son ellos la verdadera causa.",negative,anger,S,"1781_El-Censor_Anonym-(García-de-Cañuelo,-Luis+-Pereira,-Luis-Marcelino)_Vol-1_Nr-07_096-328.txt"
G00Q186,"Se vè sujeto â las trayciones, expuesto â los engaños de tantos viles intentos como procuran usurparle su hacienda.",negative,no_agreement,LB,1764_La-Pensadora-Gaditana_Beatriz-Cienfuegos_Vol-4_Nr-48_091-195.txt
G00Q188,"De esta continuacion de aplausos ha venido â hacerse de un genio tan atrevido, y falto de politica, que â todos increpa de ignorantes, sola su opinion es la mas segura, y lo que es mas (aquí entro yo) quiere, y pretende que las Damas, que nos hallàmos oprimidas de mil cuydados domesticos, seámos Philosophas, Naturalistas, Hystoriadoras, y Geometras.",negative,no_agreement,FP,1764_La-Pensadora-Gaditana_Beatriz-Cienfuegos_Vol-4_Nr-50_091-178.txt
G00Q207,"Esta sábia República tenia establecida la pena de muerte muy raras veces, y solo por crimenes muy graves.",positive,no_agreement,EX,"1781_El-Censor_Anonym-(García-de-Cañuelo,-Luis+-Pereira,-Luis-Marcelino)_Vol-1_Nr-08_096-329.txt"
G00Q189,"Mil veces quise matarme, pero mi desgracia quitò el valor â mi determinacion: y combatida por los fingidos halagos de al  que me diò el ser, la obedecí ignorante, y engañada, llenandose desde aquel dia mi Casa de abundancia, ê infamia",negative,no_agreement,SP,1764_La-Pensadora-Gaditana_Beatriz-Cienfuegos_Vol-4_Nr-51_091-177.txt
G00Q210,"pero un accidente peor para mí que una buena enfermedad me obliga à guardar Casa por algunos dias, y à no presentarme donde Gentes me vean la cara, hasta que à todas se les haya borrado de la imaginacion mi fisonomía.",negative,fear,LB,"1781_El-Censor_Anonym-(García-de-Cañuelo,-Luis+-Pereira,-Luis-Marcelino)_Vol-1_Nr-14_096-335.txt"
G00Q212,"Sabe valerse, perdida enteramente la verguenza, de mil artificios, que el uso, y una larga experiencia le han enseñado, para aparentar su miseria.",negative,no_agreement,FP,"1781_El-Censor_Anonym-(García-de-Cañuelo,-Luis+-Pereira,-Luis-Marcelino)_Vol-1_Nr-19_096-340.txt"
G00Q213,"Pues, Amigo, sepa Vm. que todo se lo llevó el diablo, si Vm. no me vale;",negative,no_agreement,LB,"1781_El-Censor_Anonym-(García-de-Cañuelo,-Luis+-Pereira,-Luis-Marcelino)_Vol-1_Nr-21_096-342.txt"
G00Q214,"Si tal vez sus expresiones son un poco atrevidas, y sus comparaciones odiosas, deben permitirse à un hombre, que no ha nacido con la obligacion de hablarnos segun nuestro gusto.",neutral,no_agreement,MT,"1781_El-Censor_Anonym-(García-de-Cañuelo,-Luis+-Pereira,-Luis-Marcelino)_Vol-1_Nr-22_096-343.txt"
G00Q191,"Tal qual diamantillo tiene; pero lo demás son chispas, y todo ello de muy mal gusto.",negative,disgust,D,1767_El-Pensador_Joseph-Álvarez-y-Valladares-(José-Clavijo-y-Faxardo)_Vol-5_Nr-056_109-733.txt
G00Q215,"A mí me hizo reir este ofrecimiento, mas no asi al otro, à quien antes le irritó tanto, que à breves razones vino à decirle que era un herege, y que su proposicion era no tan solamente impía, heretica, erronea, y escandalosa, sino tambien capciosa, y piarum aurium ofensiva:",negative,anger,D,"1781_El-Censor_Anonym-(García-de-Cañuelo,-Luis+-Pereira,-Luis-Marcelino)_Vol-1_Nr-23_096-344.txt"
G00Q192,"La epidemia, Señor, ha cundido tanto, que el infierno no se conoce, ni las gentes se entienden.",negative,no_agreement,S+D,1767_El-Pensador_Joseph-Álvarez-y-Valladares-(José-Clavijo-y-Faxardo)_Vol-5_Nr-058_109-735.txt
G00Q216,"Es un cobarde, un vil, un indigno de los honores que goza, y de alternar con quien tenga el corazon bien puesto.",negative,disgust,FP,"1781_El-Censor_Anonym-(García-de-Cañuelo,-Luis+-Pereira,-Luis-Marcelino)_Vol-2_Nr-025_103-401.txt"
G00Q194,"Pero en cambio de estos beneficios, ¡qué tributos de reconocimiento no adquirió aquel magnánimo corazon!",positive,no_agreement,EX,1767_El-Pensador_Joseph-Álvarez-y-Valladares-(José-Clavijo-y-Faxardo)_Vol-5_Nr-060_109-737.txt
G00Q196,"¿con qué cara podrá decir este animal, que tiene sesenta años, no haviendo aprendido en ellos à dominar sus pasiones, à despojarse de los antojos de la niñéz, y de los ímpetus ciegos de la juventud, à conocer los principios de su Religion, ni à dár tributo de adoracion al Señor de todo lo criado?",negative,no_agreement,LB+FP,11767_El-Pensador_Joseph-Álvarez-y-Valladares-(José-Clavijo-y-Faxardo)_Vol-5_Nr-065_10B-770.txt
G00Q198,"Finalmente, èl és racional y como tal apetece las diversiones.",positive,no_agreement,SP,1779_El-Curioso-Entretenido_Juan-Nosip-y-Vargas_Vol-1_Nr-01_114-850.txt
G00Q218,"¿Sabia vmd. acaso hasta que nos reveló el secreto dicho venerable Colector de Comedias, que Racine habia sido un imbecil, Cosme Damian, un hombre falto de juicio, y de talento crítico?",negative,no_agreement,D,1786-1788_El-Corresponsal-del-Censor_Anónimo-(Manuel-Rubín-de-Celis-y-Noriega)_Vol-1_Nr-000_1-617.txt
G00Q219,"¿qué juicio formaria su merced de un Médico que llamado á curar un Escrofuloso, Elephanciano ó Ethico, descuidase estos tres terribles males, y emplease solamente su charlataneria en medicarle un sabañon ó un uñero?",negative,no_agreement,EX,1786-1788_El-Corresponsal-del-Censor_Anónimo_Vol-1_Nr-01_093-232.txt
G00Q220,"Ellos están en la posesion (no sé si inmemorial) de divertir y entretener á la cazuela con su buen humor y gracias poëticas, y consiguientemente tienen á su favor todo Madrid.",positive,no_agreement,FP,1786-1788_El-Corresponsal-del-Censor_Anónimo_Vol-1_Nr-10_105-640.txt
G00Q223,"pero decir como muchos, eso no vale nada, eso es un asco, y no probarlo, ya vé vmd. que son expresiones muy vagas, muy despreciables, y que todo hombre de juicio se rie de los que fallan por este estilo.",negative,no_agreement,D,1786-1788_El-Corresponsal-del-Censor_Anónimo_Vol-2_Nr-17_091-110.txt
G00Q224,"Homero era un famoso Astrólogo politico, que adivinando las funestas resultas de semejantes desordenes, queria con la moral de su obra curar males tan graves.",positive,no_agreement,EX,1786-1788_El-Corresponsal-del-Censor_Anónimo_Vol-2_Nr-19_091-112.txt
G00Q225,"Un malvado insulano con el fin de enriquecer el Fisco, propuso se confiscasen los bienes de cierto miserable que acababa de ser condenado á muerte.",negative,no_agreement,FP,1786-1788_El-Corresponsal-del-Censor_Anónimo_Vol-2_Nr-20_105-615.txt
G00Q226,"mas como toda cosa mortal declina, hace algun tiempo que la tengo tan quebradiza y delicada como puede ser el honor de una dama en boca de un pisaverde.",negative,no_agreement,MT,1786-1788_El-Corresponsal-del-Censor_Anónimo_Vol-2_Nr-21_091-114.txt
G00Q227,¡Qué delicia no sería oirlas entonar con sus encantadoras voces el Te Franciscum laudamus por alguna victoria contra infieles!,positive,joy,S,1786_El-Apologista-Universal_Anónimo_Vol-1_Nr-04_114-853.txt
G00Q228,"Deje de pensar por un rato, y ve aqui que de repente se deshacen todas mis dificultades y temores.",positive,no_agreement,S,1786_El-Apologista-Universal_Anónimo_Vol-1_Nr-10_114-867.txt
G00Q229,"¿Quántos hay todavia en nuestra España, muy revestidos de Doctores, que no se desprenderán de sus errados systemas, aunque se les ponga á los ojos la evidencia?",negative,no_agreement,D,1786_El-Apologista-Universal_Anónimo_Vol-1_Nr-11_115-868.txt
G00Q231,"y como nadie hasta ahora se habia acordado de mí para este efecto, y debia trabajarlo todo por mí mismo, me iba desanimando poco á poco de mi empeño.",negative,sadness,MT,1786_El-Apologista-Universal_Anónimo_Vol-1_Nr-14_115-870.txt
G00Q233,"¿Y con qué han de pagar los subditos á su Principe las mercedes que les haga, sino de esta manera?",neutral,no_agreement,L,"1786_El-Censor_Anonym-(García-de-Cañuelo,-Luis+-Pereira,-Luis-Marcelino)_Vol-5_Nr-091_104-553.txt"
G00Q234,"La miseria iba á oprimirme, y no me quedaba ya sino este infame medio para librarme de una inminente ruina.",negative,fear,D,"1786_El-Censor_Anonym-(García-de-Cañuelo,-Luis+-Pereira,-Luis-Marcelino)_Vol-5_Nr-098_104-560.txt"
G00Q236,"¿Quién no se horroriza de estas mesas, en las quales nos abstenemos, á la verdad de los manjares prohibidos;",negative,no_agreement,LB,"1786_El-Censor_Anonym-(García-de-Cañuelo,-Luis+-Pereira,-Luis-Marcelino)_Vol-5_Nr-100_104-562.txt"
G00Q237,"Yo le confieso á Vm. que si hubiera previsto su colera no hubiera entrado en la disputa, en que insensiblemente nos hemos empeñado, no teniendo yo en ella interés alguno;",neutral,no_agreement,LB,"1786_El-Censor_Anonym-(García-de-Cañuelo,-Luis+-Pereira,-Luis-Marcelino)_Vol-5_Nr-102_104-564.txt"
G00Q238,"Le hemos manifestado varias veces quán impropias nos parecen de un hombre bien educado, y quanto nos ofenden éstas y otras expresiones;",negative,anger,FP,"1786_El-Censor_Anonym-(García-de-Cañuelo,-Luis+-Pereira,-Luis-Marcelino)_Vol-5_Nr-103_104-565.txt"
G00Q239,"¿Quántas injusticias, quántas intrigas interesadas, quántos proyectos de ambicion le hicieron pasar las noches sin reposo?",negative,no_agreement,FP,"1786_El-Censor_Anonym-(García-de-Cañuelo,-Luis+-Pereira,-Luis-Marcelino)_Vol-5_Nr-104_104-566.txt"
G00Q241,"¿Roma, en fin, no fue el terror de las Naciones, en tanto que ningun Ciudadano tuvo por pequeña la porcion de tierra que bastaba para mantener á un hombre:",negative,no_agreement,EX,"1786_El-Censor_Anonym-(García-de-Cañuelo,-Luis+-Pereira,-Luis-Marcelino)_Vol-6_Nr-126_104-587.txt"
G00Q242,"¿Qué nacion mas floreciente que los Egypcios no obstante el poder sin limites de sus Reyes, mientras no fueron corrompidos por la ambicion de Sesostris?",neutral,no_agreement,EX,"1786_El-Censor_Anonym-(García-de-Cañuelo,-Luis+-Pereira,-Luis-Marcelino)_Vol-6_Nr-127_104-588.txt"
G00Q243,"Vuelve la cabeza el venerable anciano, y vé ¡ó dolor! ¡ó oprobio!",negative,no_agreement,TR,"1786_El-Censor_Anonym-(García-de-Cañuelo,-Luis+-Pereira,-Luis-Marcelino)_Vol-6_Nr-130_104-591.txt"
G00Q244,"antes mas me le afeminaron, y era tal el temor que me causaban los Duendes, que en oyendo á á  mis criados algun cuento de estos, al instante llenaba la casa de gritos, y me hacía aguas en la cama. Con que siendo asi,",negative,fear,SP,1787-1788_El-Duende-de-Madrid_Pedro-Pablo-Trullench_Vol-1_Nr-1_091-81.txt
G00Q245,"Quiso mi desgracia que en aquella tarde viese entre varias Sombras la representacion de un Entierro, que no parecia, sino que ni mas ni menos era un Difunto que llevaban á la hoya entre quatro Terceros:",negative,no_agreement,TR,1787-1788_El-Duende-de-Madrid_Pedro-Pablo-Trullench_Vol-1_Nr-4_091-83.txt
G00Q246,"á todos los Actores los estimo con igualdad, y miro por sus intereses, adelantamientos, é instruccion, escribiendo apologías imparciales en defensa del Teatro, y asi en nombre de todos los Cómicos Españoles te doy ahora la agencia de los Coliseos de Madrid, con la precisa condicion de que has de repartir este papelito con la mayor brevedad para que se vea en el tribunal de los Literatos.",positive,no_agreement,D,1787-1788_El-Duende-de-Madrid_Pedro-Pablo-Trullench_Vol-1_Nr-6_091-85.txt
G00Q247,"y revolviendo en mi memoria quáles serian, se apareció cerca de mí un mancebo de gallarda presencia que uniendo la hermosura con la seriedad presentaba el aspecto mas amable que pudiera figurar la imaginacion.",positive,no_agreement,TR,1787-1788_El-Duende-de-Madrid_Pedro-Pablo-Trullench_Vol-1_Nr-7_091-86.txt
G00Q248,"Luego á la hora que no quiera creer lo falso, saldrá del error, ó lo evitará.",neutral,no_agreement,LB,"1787_El-Censor_Anonym-(García-de-Cañuelo,-Luis+-Pereira,-Luis-Marcelino)_Vol-7_Nr-142_105-603.txt"
G00Q249,Vió en esto el Sacerdote que le asistia un demonio en figura de jóven muy triste y llorando.,negative,no_agreement,EX,"1787_El-Censor_Anonym-(García-de-Cañuelo,-Luis+-Pereira,-Luis-Marcelino)_Vol-7_Nr-146_105-607.txt"
G00Q250,"Oyéron los golpes dos menestrales, que trabajaban en el claustro, y saliendo á la Iglesia, no solo viéron á la Imágen bañada en sangre, sino que la oyéron quexarse con amargos y sentidos suspiros.",negative,no_agreement,EX,"1787_El-Censor_Anonym-(García-de-Cañuelo,-Luis+-Pereira,-Luis-Marcelino)_Vol-7_Nr-147_105-608.txt"
G00Q251,es menester que se guarde bien de contribuir ni con sus caudales ni con sus tareas á ningun establecimiento nuevo por mas que se ponderen sus ventajas:,neutral,no_agreement,S,"1787_El-Censor_Anonym-(García-de-Cañuelo,-Luis+-Pereira,-Luis-Marcelino)_Vol-8_Nr-155_105-626.txt"
G00Q253,"Mas yo no sé como entorpecidas por una especie de encanto mis piernas, al primer paso que fuí a dar caí tendido en tierra, de que no sin mucha fatiga pude levantarme.",negative,surprise,TR,"1787_El-Censor_Anonym-(García-de-Cañuelo,-Luis+-Pereira,-Luis-Marcelino)_Vol-8_Nr-161_105-632.txt"
G00Q254,La verdadera gloria consiste en merecer la gloria.,positive,no_agreement,D,"1787_El-Censor_Anonym-(García-de-Cañuelo,-Luis+-Pereira,-Luis-Marcelino)_Vol-8_Nr-163_105-634.txt"
G00Q255,Basten para acreditarlo algunas expresiones que van de bastardilla por su singular belleza y exâctitud.,positive,no_agreement,MT,"1787_El-Censor_Anonym-(García-de-Cañuelo,-Luis+-Pereira,-Luis-Marcelino)_Vol-8_Nr-165_105-636.txt"
G00Q256,"Declara este Tribunal que no se admiten empeños ni resortes para que se inserten cartas ni otros papeles en el periódico que publica, pues bastará solo el mérito de la obra para que nosotros lo hagamos sin necesidad de ellos;",neutral,no_agreement,MT,1804_El-Regañón-general_Anónimo-(Ventura-Ferrer)_Vol-2_Nr-63_7947.txt
G00Q257,"La aurora de un nuevo periódico se presenta apacible á la sociedad, y la anima con indecible esplendor.",positive,joy,MT,1804_El-Regañón-general_Anónimo-(Ventura-Ferrer)_Vol-2_Nr-62_7946.txt
G00Q258,"El sexô femenil se concentró en las gracias naturales y sencillas que le dió naturaleza, suprimió los vaidos fingidos, los melindres pueriles, y dexó de hablar tan á menudo de sus jaquecas y vapores.",positive,no_agreement,EX,1787_El-Corresponsal-del-Apologista_Anonym_Vol-1_Nr-1_091-92.txt
G00Q260,"El teatro, decía yo, que deberia ser la escuela de las costumbres de la Nacion, es en España la escuela de la supersticion, del engaño, y de todos los vicios.",negative,no_agreement,D,"1787_El-Observador_Marchena,-José_Vol-1_Nr-02_113-844.txt"
G00Q261,"A buen seguro que no es ningun media cuchara, sino un hombre muy hecho, ó se me alcanza poco de achaque de estilos.",positive,no_agreement,MT,1804_El-Regañón-general_Anónimo-(Ventura-Ferrer)_Vol-2_Nr-60_7944.txt
G00Q261,"A buen seguro que no es ningun media cuchara, sino un hombre muy hecho, ó se me alcanza poco de achaque de estilos.",positive,no_agreement,TR,"1787_El-Observador_Marchena,-José_Vol-1_Nr-04_113-846.txt"
G00Q262,"Diferentes sectas religiosas, costumbres diversas dividian las opiniones de los desdichados Selenitas.",negative,no_agreement,??,??
G00Q263,"y tales comilonas, las quiero por el provecho de mi salud, en todos los primeros Lunes de cada mes.",positive,no_agreement,EX,1788_El-Filósofo-á-la-Moda_Anónimo_Vol-1_Nr-001_099-385.txt
G00Q264,"Quémense pues al momento; pero entonces fuera preciso llevar á la hoguera (¡y con quánta mas razon!) todos los ensayos sobre materias particulares, todo discurso suelto, y añadir los compendios, y aun todo libro que tenga índice, pues no se ignora que los índices son, sus maestros mas queridos.",negative,no_agreement,MT,1804_El-Regañón-general_Anónimo-(Ventura-Ferrer)_Vol-2_Nr-50_7903.txt
G00Q265,"Nos quexamos continuamente de que nuestros dias son breves, y vivimos como si debiesen ser eternos.",negative,no_agreement,MT,1788_El-Filósofo-á-la-Moda_Anónimo_Vol-1_Nr-003_099-387.txt
G00Q267,"Los dos sexôs, y todos los estados de la república estan inficionados.",negative,no_agreement,MT,1788_El-Filósofo-á-la-Moda_Anónimo_Vol-1_Nr-006_099-390.txt
G00Q268,aplaude la buena educacion Francesa;,positive,no_agreement,FP,1788_El-Filósofo-á-la-Moda_Anónimo_Vol-1_Nr-008_099-392.txt
G00Q269,"Si vmd. ama mas las alabanzas que el mérito, aborrezca á lo ménos todo lo que es comun, y no tolere que ninguna persona tenga la osadía de alabarle en su presencia.",neutral,no_agreement,MT,1788_El-Filósofo-á-la-Moda_Anónimo_Vol-1_Nr-009_099-393.txt
G00Q270,"Es gallardo jóven, tiene los ojos mas negros, y los dientes mas blancos que he visto en el mundo.",positive,no_agreement,LB,1788_El-Filósofo-á-la-Moda_Anónimo_Vol-1_Nr-010_099-394.txt
G01Q13,"Convencerá tal vez nuestro espiritu; pero poco importa: no gana, no somete nuestro corazon; y à pesar de sus raciocinios artificiosos, tenemos bastante fuerza para resistirle",no_agreement,trust,SP, 1762-1763_El-Pensador_Joseph-Álvarez-y-Valladares-(José-Clavijo-y-Faxardo)_Vol-3_Nr-031_107-686.txt
G01Q70,"Pero en obsequio de la verdad debo decir, que para volver á leer la carta del Amigo de los Jóvenes es menester hígados, y que solo por la nota que lleva al principio puede conocerse á lo que se dirige, ni mas ni ménos que los quadros de aquel pintor, que solo se conocia lo que representaban por un rótulo que ponia debaxo",no_agreement,no emotion,MT, 1803_El-Regañón-general_Anónimo-(Ventura-Ferrer)_Vol-1_Nr-21_2624.txt
G00Q152,¡què mal lo conoce V. M.!,no_agreement,surprise,D,1762-1763_El-Pensador_Joseph-Álvarez-y-Valladares-(José-Clavijo-y-Faxardo)_Vol-4_Nr-050_107-701.txt
G00Q190,"De aqui es que no hablará una palabra en asunto de la moda, aquel ente que, en sentir de nuestros Catones, trae en perpetuo jiro y continuo mobimiento los cerebros vacíos, ligeros, y volatiles.",no_agreement,no emotion,SP,1765_El-Belianís-literario_Juan-José-López-de-Sedano_Vol-1_Nr-1_091-197.txt
G00Q232,"Una cosa semejante creen ellos que ha de sucederles en el Tribunal Supremo, respecto de aquellas acciones delinqüentes, en las quales tienen por complice á la muchedumbre.",no_agreement,no emotion,FP,"1786_El-Censor_Anonym-(García-de-Cañuelo,-Luis+-Pereira,-Luis-Marcelino)_Vol-4_Nr-086_103-443.txt"
